,County,Avg_Temp,Avg_DewPoint,Avg_PrInt,Avg_PrProb,Avg_Pressure,Avg_Sunlight,Min_Temp,Min_DewPoint,Min_Pressure,Min_Sunlight,Max_Temp,Max_DewPoint,Max_PrInt,Max_PrProb,Max_Pressure,Max_Sunlight,NDVI,Yield 2017
0,Yolo,60.172732312399994,44.94206467960002,0.0017531091,0.044551570073333345,1015.5600392333331,1.910265480866667,41.3825,20.58291667,1004.284167,0.625,85.06652174,55.77583333,0.053966667,0.862083333,1027.989583,2.958333333,0.55,43.08
1,Fresno,63.98315632406667,44.788524286466675,0.0016376137800000001,0.03550422704,1015.532963973333,1.9760432586933325,42.17125,21.97166667,1004.51625,0.666666667,86.625,56.33875,0.068029167,0.720833333,1028.039167,2.958333333,0.51,50.39
2,Kern,63.30754425800003,39.28693378066667,0.0010773423333333338,0.03116499780000001,1015.0045192666672,2.008822573466666,39.6775,14.9625,1004.0505,0.75,86.40521740000001,55.7945833,0.03750417,0.71375,1027.395,3.04347826,0.51,51.33
3,Merced,61.83424647546667,45.64224693646667,0.0011254437800000002,0.028419444439999993,1015.4264862600006,1.9462490432466677,42.29958333,23.47958333,1004.533182,0.625,82.78791667,56.90375,0.0320125,0.5854166670000001,1027.828333,2.916666667,0.51,47.95
4,Kings,64.411317566,43.38766812533331,0.0005041300000000001,0.0211969806,1015.9021166666663,1.9267393499333338,42.4345833,20.1208333,1004.9495800000001,0.625,85.39583329999998,56.6,0.0186125,0.57625,1028.4483300000004,2.95833333,0.43,51.88
5,San Joaquin,60.670858376,45.14495037266668,0.0009570852666666668,0.03480445413333332,1015.4991280000003,1.918661835333334,42.0504167,23.762916699999998,1004.2229199999999,0.625,84.06782609999998,56.7345833,0.0353875,0.8375,1027.66167,2.95833333,0.58,42.35
6,Solano,59.159895465599995,45.320139844200014,0.0018962750200000001,0.04700362318,1015.7282711066666,1.9119068950333333,41.86625,22.60958333,1004.540417,0.625,83.2273913,56.70625,0.048754167,0.8816666670000001,1028.139167,2.958333333,0.6,41.63
7,Stanislaus,61.798525219600016,45.23195604960001,0.0009795828999999998,0.03289722221333334,1015.4981895400003,1.9216119894800008,42.58958333,23.93958333,1004.2229169999999,0.625,83.85086957,56.80875,0.0324375,0.70625,1027.783333,2.916666667,0.58,39.62
